raza,categoria,costo_total_vida,longevidad_media,no_posibles_enfermedades_gen,precio_de_compra_promedio,costo_comida_anual,ciclo_cuidado_de_pelo,compatibilidad_con_niños,tamaño,peso_kg,altura_hombros_cm,categoria_de_entrenabilidad,no_rep_para_apreender,obedecer_a_la_primera_porcentaje,posibles_enfermedades_geneticas_resumen,posibles_enfermedades_geneticas_especifico,nivel_de_precio,precio_mas_bajo,precio_mas_alto,prom_comida_vida,prom_otros_gastos_vida,ranking_de_popularidad
Border Collie,herding,20143,12.52,2,623,324,2,3,medium,20.35,51,Brightest,<5,>95,"eye problems, deafness","Collie eye anomaly, deafness",budget,175,1050,3486,13095,45
Border Terrier,terrier,22638,14,0,833,324,2,1,small,6,48,Above average,15-25,>70,none,none,mid-price,250,1200,3898,14643,80
Brittany,sporting,22589,12.92,0,618,466,2,2,medium,16,48,Excellent,5-15,>85,none,none,budget,300,1200,5171,13514,30
Cairn Terrier,terrier,21992,13.84,2,435,324,2,1,small,6,25,Above average,15-25,>70,"lion jaw', heart problems  ","Craniomandibular osteopathy (""lion jaw""), Mitral valve dysplasia",budget,300,600,3854,14476,59
Welsh Springer Spaniel,sporting,20224,12.49,1,750,324,2,1,medium,20.35,46,Above average,15-25,>70,hip problems,hip dysplasia,mid-price,750,750,3478,13064,130
English Cocker Spaniel,sporting,18993,11.66,0,800,324,2,1,medium,14,41,Excellent,5-15,>85,none,none,mid-price,600,1000,3247,12196,63
Cocker Spaniel,sporting,24330,12.5,2,465,674,2,1,small,11,37,Excellent,5-15,>85,"eye, skin problems","Retinal dysplasia, seborrhea",budget,250,800,6149,13074,27
Papillon,toy,21001,13,5,740,324,2,2,small,20.35,24,Brightest,<5,>95,"cataracts, hair loss, heart, eye, blood clotting disorders","Cataracts, Follicular dysplasias, Mitral valve dysplasia, Progressive retinal atrophy, von Willebrand's disease",mid-price,400,1000,3620,13597,38
Australian Cattle Dog,herding,20395,11.67,1,530,466,2,3,medium,20.35,47,Brightest,<5,>95,hip problems,hip dysplasia,budget,250,1000,4671,12206,60
Shetland Sheepdog,herding,21006,12.53,5,465,405,1,1,small,10.15,37,Brightest,<5,>95,"eye problems, deafness, skin + heart problems, blood clotting disorders","Collie eye anomaly (CEA), deafness, Dermatomyositis and ulcerative dermatosis, Patent ductus arteriosus (PDA), von Willebrand's disease",budget,150,1000,3698,13106,20
Siberian Husky,working,22049,12.58,0,650,466,3,1,medium,22,55,Average,25-40,>50,none,none,budget,450,1000,5035,13158,16
Lhasa Apso,non-sporting,22031,13.92,1,350,324,2,1,small,7,27,Fair,40-80,>30,dry eye',"Keratoconjunctivitis sicca (KCS) - ""dry eye""",budget,175,550,3876,14560,62
Affenpinscher,toy,18333,11.42,0,510,324,2,2,small,20.35,26,Above average,15-25,>70,none,none,budget,200,800,3180,11945,139
Dachshund,hound,20113,12.63,2,423,324,2,3,small,11,48,Average,25-40,>50,"skin, spinal problems","acanthosis nigricans, Intervertebral disk disease",budget,125,750,3517,13210,9
Miniature Schnauzer,terrier,20087,11.81,2,715,405,2,2,small,7,33,Excellent,5-15,>85,"liver, sinus problems","Portosystemic shunt, Sick sinus syndrome",mid-price,200,1600,3486,12353,12
Chihuahua,toy,26250,16.5,1,588,324,2,3,small,2,13,Fair,40-80,>30,knee problems,Patellar luxation,budget,200,1500,4594,17258,14
Australian Terrier,terrier,17892,11.05,0,640,324,2,2,small,20.35,27,Above average,15-25,>70,none,none,budget,200,900,3077,11558,121
Whippet,hound,20976,12.87,0,915,324,2,2,medium,20.35,51,Average,25-40,>50,none,none,mid-price,650,1200,3584,13461,57
English Springer Spaniel,sporting,21946,12.54,4,615,466,2,1,medium,20,50,Excellent,5-15,>85,"hip, eye, skin problems; enzyme deficiency","Hip dysplasia, Phosphofructokinase (PFK) deficiency, Retinal dysplasia, seborrhea",budget,450,1500,5019,13116,29
West Highland White Terrier,terrier,20490,12.8,3,538,324,2,1,small,20.35,27,Average,25-40,>50,"lion jaw', 'dry eye', skin problems","Craniomandibular osteopathy (""lion jaw""), Keratoconjunctivitis sicca (KCS) - ""dry eye"", seborrhea",budget,275,750,3564,13388,35
Bedlington Terrier,terrier,22107,13.51,2,1058,324,2,2,small,9,48,Average,25-40,>50,"liver, eye problems","Chronic hepatitis, Retinal dysplasia",mid-price,250,1800,3762,14131,134
Poodle,non-sporting,21237,11.95,2,900,466,2,2,medium,20.35,41,Brightest,<5,>95,"fatal stomach bloat, skin disorder","Gastric dilatation-volvulus (serious stomach disorder), sebaceous adenitis (skin disorder)",mid-price,500,1500,4783,12499,8
Bichon Frise,non-sporting,19735,12.21,0,693,324,1,1,small,20.35,27,Average,25-40,>50,none,none,budget,250,1500,3400,12771,39
German Shorthaired Pointer,sporting,25842,11.46,1,545,971,2,1,large,28,61,Excellent,5-15,>85,hip problems,hip dysplasia,budget,200,850,8117,11987,15
Pointer,sporting,24445,12.42,1,294,710,2,1,large,27,65,Average,25-40,>50,hip problems,hip dysplasia,budget,50,500,7565,12991,115
Tibetan Spaniel,non-sporting,25549,14.42,0,1050,466,2,1,small,5,25,Average,25-40,>50,none,none,mid-price,500,2000,5772,15083,114
Labrador Retriever,sporting,21299,12.04,3,810,466,2,1,medium,31,58,Brightest,<5,>95,"elbows, hips, eyes","elbow dysplasia, hip dysplasia, retinal dysplasia",mid-price,299,1500,4819,12593,1
Maltese,toy,19084,12.25,1,650,270,1,3,small,2,23,Fair,40-80,>30,heart problems,Patent ductus arteriosus (PDA),budget,300,1000,2410,12813,23
Pomeranian,toy,15792,9.67,1,670,324,2,2,small,2,48,Excellent,5-15,>85,heart problems,Patent ductus arteriosus (PDA),budget,200,1500,2693,10114,17
Shih Tzu,toy,21152,13.2,1,583,324,1,1,small,6,25,Lowest,80-100,<25,eye problems,"Exposure keratopathy syndrome (exophthalmos, lagophthalmos, and/or macroblepharon)",budget,275,1200,3675,13806,11
Australian Shepherd,herding,21458,12.28,2,565,466,2,2,medium,20.35,52,Average,25-40,>50,"deafness, hip problems","deafness, hip dysplasia",budget,250,1000,4915,12844,24
Yorkshire Terrier,toy,20701,12.6,4,1057,324,1,3,small,2,48,Above average,15-25,>70,"knee, liver, trachea, eye disorders","Patellar luxation, Portosystemic shunt, tracheal collapse, Retinal dysplasia",mid-price,275,2800,3508,13179,5
Irish Setter,sporting,20323,11.63,2,525,466,2,1,large,29,66,Above average,15-25,>70,"hip, eye problems","Hip dysplasia, Progressive retinal atrophy",budget,300,1000,4655,12164,70
Pharaoh Hound,hound,21047,11.83,0,913,466,2,2,medium,20.35,58,Above average,15-25,>70,none,none,mid-price,475,1000,4735,12374,151
Brussels Griffon,toy,19551,12,0,833,324,2,3,small,4,48,Fair,40-80,>30,none,none,mid-price,500,1500,3341,12551,77
Golden Retriever,sporting,21447,12.04,4,958,466,2,1,medium,27,58,Brightest,<5,>95,"elbows, hips, eyes, heart ","elbow dysplasia, hip dysplasia, retinal dysplasia, subaortic stenosis",mid-price,325,2500,4819,12593,4
Samoyed,working,25352,12.44,1,1162,710,2,1,medium,20.35,54,Above average,15-25,>70,hip problems,hip dysplasia,mid-price,795,1400,7577,13012,69
Beagle,hound,19468,12.3,1,288,324,1,1,small,20.35,36,Lowest,80-100,<25,heart problems,Pulmonic stenosis,budget,100,600,3425,12865,3
Chesapeake Bay Retriever,sporting,16697,9.48,1,522,466,2,1,large,31,60,Above average,15-25,>70,hip problems,hip dysplasia,budget,175,795,3794,9916,46
Tibetan Terrier,non-sporting,20336,12.31,0,1140,324,2,2,small,11,39,Fair,40-80,>30,none,none,mid-price,450,1600,3428,12876,86
Gordon Setter,sporting,19605,11.1,1,700,466,2,1,large,28,64,Above average,15-25,>70,hip problems,hip dysplasia,mid-price,500,100,4443,11610,94
English Setter,sporting,20312,11.57,2,615,466,2,1,large,20.35,62,Above average,15-25,>70,"deafness, hip problems","deafness, hip dysplasia",budget,250,1000,4631,12102,87
Pug,toy,18527,11,1,469,405,2,1,medium,7,41,Fair,40-80,>30,dry eye',"Keratoconjunctivitis sicca (KCS) - ""dry eye""",budget,250,699,3246,11505,26
Briard,herding,19673,11.17,1,650,466,1,1,large,20.35,62,Above average,15-25,>70,hip problems,hip dysplasia,budget,500,800,4471,11683,125
Norfolk Terrier,terrier,24308,13.07,0,2083,466,2,2,small,5,24,Fair,40-80,>30,none,none,high-end,250,2500,5231,13671,120
Flat-Coated Retriever,sporting,16000,9.02,0,600,466,1,1,medium,20.35,59,Excellent,5-15,>85,none,none,budget,300,1200,3610,9434,90
Boston Terrier,non-sporting,17741,10.92,1,690,324,2,1,medium,20.35,48,Average,25-40,>50,breathing problems,brachycephalic syndrome,budget,400,1050,3041,11422,22
Doberman Pinscher,working,18397,10.33,4,790,466,2,2,large,20.35,66,Brightest,<5,>95,"heart, spine, blood clotting disorders","Dilated cardiomyopathy, Cervical vertebral instability (Wobbler syndrome), Intervertebral disk disease, von Willebrand's disease",mid-price,300,1200,4135,10805,13
English Toy Spaniel,toy,17521,10.1,0,925,405,2,2,small,5,25,Average,25-40,>50,none,none,mid-price,150,1500,2981,10564,129
Belgian Tervuren,herding,19132,10.6,2,1070,466,2,1,large,20.35,61,Excellent,5-15,>85,"epilepsy, eye problems","Idiopathic epilepsy, Pannus - chronic superficial keratitis",mid-price,850,1200,4243,11087,108
Cavalier King Charles Spaniel,toy,18639,11.29,2,1017,324,2,1,small,7,32,Average,25-40,>50,"heart, spinal problems","Mitral valve dysplasia, Chiari-like malformation (CM) and syringomyelia (SM)",mid-price,100,1800,3144,11809,21
Dalmatian,non-sporting,19886,11.27,2,695,466,2,1,medium,20.35,53,Above average,15-25,>70,"deafness, urinary stones","Deafness, Urolithiasis (stones)",budget,350,1000,4511,11788,73
Basset Hound,hound,18328,11.43,2,490,324,2,1,small,20.35,36,Lowest,80-100,<25,"blood, skin disorders","Platelet dysfunction (thrombocytopathia, Basset hound thrombopathia), seborrhea",budget,150,1000,3183,11955,41
Basenji,hound,22096,13.58,3,940,324,2,2,medium,10,42,Lowest,80-100,<25,"kidney, eye problems, anaemia","Fanconi syndrome, Persistent pupillary membranes (PPM), Pyruvate kinase (PK) deficiency",mid-price,600,1200,3781,14204,93
Italian Greyhound,toy,16463,10.02,0,800,324,2,3,small,20.35,36,Fair,40-80,>30,none,none,mid-price,500,120,2790,10480,65
Staffordshire Bull Terrier,terrier,21650,12.05,1,1145,466,2,1,medium,14,38,Average,25-40,>50,hip problems,hip dysplasia,mid-price,500,1500,4823,12604,76
Bouvier des Flandres,herding,18959,10.34,1,1335,466,2,1,large,20.35,65,Above average,15-25,>70,hip problems,hip dysplasia,mid-price,800,2500,4139,10815,83
Pembroke Welsh Corgi,herding,23978,12.25,9,587,674,2,1,small,12,28,Excellent,5-15,>85,"cataracts + other eye problems, connective tissue, nerves, kidneys, spine, blood clotting disorders","Cataracts, Corneal dystrophy, Cutaneous asthenia (Ehlers-Danlos syndrome), Degenerative myelopathy, Familial kidney disease, Intervertebral disk disease, Persistent pupillary membranes (PPM), Retinal dysplasia, von Willebrand's disease",budget,375,750,6026,12813,25
Clumber Spaniel,sporting,18084,10,0,1033,466,2,1,medium,32,47,Above average,15-25,>70,none,none,mid-price,800,1500,4003,10459,133
Dandie Dinmont Terrier,terrier,21633,12.17,0,925,466,1,1,small,10,23,Fair,40-80,>30,none,none,mid-price,850,1000,4871,12729,160
Saluki,hound,24866,12,0,1525,710,1,1,medium,20.35,58,Average,25-40,>50,none,none,high-end,1000,1800,7309,12551,117
Giant Schnauzer,working,26686,10,1,810,1349,1,2,large,35,65,Above average,15-25,>70,hip problems,hip dysplasia,mid-price,400,1500,9838,10459,95
Greyhound,hound,15819,9.36,1,1175,324,2,1,large,29,48,Average,25-40,>50,blood vessel disorders,familial vasculopathy,mid-price,200,2500,2606,9790,140
Scottish Terrier,terrier,17525,10.69,1,829,324,1,2,small,9,25,Fair,40-80,>30,blood clotting disorder,von Willebrand's disease,mid-price,400,2200,2977,11181,54
Rottweiler,working,18886,9.11,3,1118,710,2,2,large,20.35,62,Brightest,<5,>95,"heart, elbow, hip problems","Subaortic stenosis, Elbow dysplasia - OCD of the elbow, Hip dysplasia",mid-price,300,1800,5549,9529,10
Kerry Blue Terrier,terrier,17240,9.4,1,1200,466,1,2,medium,17,47,Above average,15-25,>70,heart problems,Patent ductus arteriosus (PDA),mid-price,900,1500,3762,9832,124
Afghan Hound,hound,24077,11.92,0,890,710,1,1,large,25,66,Lowest,80-100,<25,none,none,mid-price,450,1000,7260,12468,88
Newfoundland,working,19351,9.32,2,1178,710,2,1,large,57,69,Above average,15-25,>70,"hip problems, heart defects","subaortic stenosis, hip dysplasia",mid-price,500,2000,5677,9748,43
German Shepherd,herding,17416,9.73,8,820,466,2,2,large,20.35,61,Brightest,<5,>95,"nerves, pancreas, blood (hemophilia), hip joints","Degenerative myelopathy (nerve disorder), Exocrine pancreatic insufficiency, Hemophilia, Hip dysplasia, Renal cystadenocarcinoma and nodular dermatofibrosis, Pannus - chronic superficial keratitis, Panosteitis, Perianal fistula

",mid-price,400,1495,3895,10177,2
Pekingese,toy,20565,11.56,1,885,466,1,2,small,6,48,Lowest,80-100,<25,knee problems,Patellar luxation,mid-price,200,3800,4627,12091,64
Old English Sheepdog,herding,22611,11.19,1,832,710,1,1,medium,20.35,56,Fair,40-80,>30,hip problems,hip dysplasia,mid-price,500,1000,6816,11704,84
Akita,working,20994,10.16,1,1202,710,2,3,large,20.35,66,Average,25-40,>50,hip problems,hip dysplasia,mid-price,565,1800,6188,10627,47
Rhodesian Ridgeback,hound,16530,9.1,2,995,466,2,2,large,35,65,Average,25-40,>50,"birth defects, hip problems","dermoid sinus, Hip dysplasia",mid-price,750,1300,3642,9518,44
French Bulldog,non-sporting,17266,9,0,1900,466,2,1,medium,12,48,Fair,40-80,>30,none,none,high-end,1300,3500,3602,9414,18
Borzoi,hound,16176,9.08,0,675,466,1,2,large,37,71,Lowest,80-100,<25,none,none,budget,300,1250,3634,9497,102
Bernese Mountain Dog,working,16099,7.56,4,1320,710,2,1,large,20.35,64,Excellent,5-15,>85,"meningitis, elbow + hip problems, complex immune disorder","Meningitis, Elbow dysplasia - OCD of the elbow, Hip dysplasia, Histiocytosis",mid-price,750,2500,4605,7907,34
Bull Terrier,terrier,18490,10.21,2,1085,466,2,2,medium,27,55,Fair,40-80,>30,"heart problems, zinc metabolism disorder","lethal acrodermatitis, Mitral valve dysplasia",mid-price,300,1750,4087,10679,51
Boxer,working,15746,8.81,4,700,466,2,1,medium,20.35,59,Average,25-40,>50,"eye, nerve, heart problems","Corneal dystrophy, Degenerative myelopathy, Dilated cardiomyopathy, Subaortic stenosis",mid-price,300,2500,3526,9215,7
Alaskan Malamute,working,21986,10.67,2,1210,710,1,2,large,36,61,Average,25-40,>50,"hip problems, dwarfism","Hip dysplasia, Osteochondrodysplasia - skeletal dwarfism",mid-price,550,2350,6499,11160,58
Chow Chow,non-sporting,15898,9.01,2,515,466,1,2,medium,20.35,47,Lowest,80-100,<25,"eye, hip problems","Entropion, Hip dysplasia",budget,200,750,3606,9424,68
Bloodhound,hound,13824,6.75,2,608,710,2,2,large,39,64,Lowest,80-100,<25,"fatal stomach bloat, skin problems","Gastric dilatation-volvulus, Hip dysplasia",budget,200,1000,4111,7060,48
Irish Wolfhound,hound,18435,6.94,3,1333,1217,2,1,large,20.35,81,Average,25-40,>50,"heart, liver, hip problems","Dilated cardiomyopathy, Hip dysplasia, Portosystemic shunt",mid-price,800,1550,7246,7259,79
Bullmastiff,working,13936,7.57,2,980,466,2,1,large,52,65,Fair,40-80,>30,"eye, hip problems","Entropion, Hip dysplasia",mid-price,600,1600,3030,7918,40
Mastiff,working,13581,6.5,2,900,701,2,1,large,79,76,Lowest,80-100,<25,"hip, heart problems","Hip dysplasia, Pulmonic stenosis",mid-price,150,1200,3325,6799,28
Great Dane,working,14662,6.96,4,1040,710,2,1,large,20.35,76,Average,25-40,>50,"heart, spinal, hip problems, fatal stomach bloat","Dilated cardiomyopathy, Cervical vertebral instability (Wobbler syndrome), Gastric dilatation-volvulus, Hip dysplasia",mid-price,500,2500,4239,7280,19
Saint Bernard,working,20022,7.78,3,875,1217,1,1,large,70,67,Fair,40-80,>30,"heart, hip disorders, fatal stomach bloat","Dilated cardiomyopathy, Gastric dilatation-volvulus, Hip dysplasia",mid-price,450,1500,8124,8137,49
Bulldog,non-sporting,13479,6.29,5,2680,466,2,2,medium,20,48,Lowest,80-100,<25,"breathing, hip, heart problems, 'dry eye'","brachycephalic syndrome, Hip dysplasia, Keratoconjunctivitis sicca (KCS) - ""dry eye"", Pulmonic stenosis, Ventricular septal defect (VSD)",high-end,1500,5500,2518,6579,6
Airedale Terrier,terrier,19819,11.45,1,733,489,2,1,medium,20.35,58,Above average,15-25,>70,hip problems,hip dysplasia,mid-price,475,1200,4448,11976,55
American English Coonhound,hound,19819,11.5,1,283,489,2,1,large,20.35,62,Average,25-40,>50,no data,no data,budget,100,350,4448,11456,33
American Eskimo Dog,non-sporting,19819,14,0,560,489,2,1,small,20.35,36,Average,25-40,>50,none,none,budget,300,950,4448,11456,116
American Foxhound,hound,19819,11,1,757,489,2,1,medium,20.35,58,Average,25-40,>50,no data,no data,mid-price,250,1000,4448,11456,173
American Staffordshire Terrier,terrier,19819,14,1,1043,489,2,1,medium,20.35,46,Above average,15-25,>70,skin problems,Demodicosis/ Demodectic mange,mid-price,250,1500,4448,11456,72
American Water Spaniel,sporting,19819,14,0,730,489,2,1,medium,16,42,Average,25-40,>50,none,none,mid-price,600,1250,4448,11456,157
Anatolian Shepherd Dog,working,19819,10.75,1,795,489,2,2,large,52,71,Average,25-40,>50,no data,no data,mid-price,362,1395,6548,11244,111
Bearded Collie,herding,19819,12.77,0,795,489,1,1,medium,20.35,53,Above average,15-25,>70,none,none,mid-price,362,1395,5111,13357,112
Beauceron,herding,19819,11,1,967,489,2,1,large,20.35,65,Average,25-40,>50,no data,no data,mid-price,950,1000,4448,11456,144
Belgian Malinois,herding,19819,12,0,1080,489,2,1,large,20.35,61,Excellent,5-15,>85,none,none,mid-price,550,2000,4448,11456,74
Belgian Sheepdog,herding,19819,12,4,795,489,2,1,large,20.35,61,Excellent,5-15,>85,"cataracts + other eye problems, muscular dystrophy","Cataracts, Pannus - chronic superficial keratitis, Progressive retinal atrophy, X-linked muscular dystrophy",mid-price,362,1395,4448,11456,118
Black and Tan Coonhound,hound,19819,11,0,325,489,2,1,large,20.35,64,Average,25-40,>50,none,none,budget,200,500,4448,11456,109
Black Russian Terrier,working,19819,10.5,0,2833,489,2,1,large,20.35,71,Average,25-40,>50,none,none,high-end,2500,3000,4448,11456,128
Bluetick Coonhound,hound,19819,11.5,0,370,489,2,1,large,28,61,Average,25-40,>50,none,none,budget,200,500,4448,11456,136
Boykin Spaniel,sporting,19819,15,1,531,489,2,1,medium,20.35,41,Average,25-40,>50,no data,no data,budget,200,800,4448,11456,138
Canaan Dog,herding,19819,14.67,0,795,489,2,1,medium,20,55,Average,25-40,>50,none,none,mid-price,362,1395,5872,15344,168
Cane Corso,working,19819,11,1,1070,489,2,1,large,20.35,64,Average,25-40,>50,no data,no data,mid-price,900,1500,4448,11456,67
Cardigan Welsh Corgi,herding,19819,12.7,0,828,489,2,1,small,14,29,Excellent,5-15,>85,none,none,mid-price,395,1085,4448,13284,81
Cesky Terrier,terrier,19819,8.42,1,795,489,2,1,small,9,29,Average,25-40,>50,no data,no data,mid-price,362,1395,3370,8807,106
Chinese Crested,toy,19819,10.08,1,538,489,2,1,small,20.35,30,Fair,40-80,>30,no data,no data,budget,125,1300,4448,10543,61
Chinese Shar Pei,non-sporting,19819,10,4,840,489,2,1,medium,24,48,Average,25-40,>50,"canine hay fever, skin, eye, hip problems","Atopy, Demodicosis/ Demodectic mange, Entropion, Hip dysplasia",mid-price,350,2000,4448,11456,50
Collie,herding,19819,12.5,2,650,489,2,1,large,28,61,Excellent,5-15,>85,"eye, skin and muscle disorders","Collie eye anomaly (CEA), Dermatomyositis and ulcerative dermatosis",budget,350,950,4448,11456,36
Curly Coated Retriever,sporting,19819,10.75,0,795,489,2,2,large,20.35,64,Average,25-40,>50,none,none,mid-price,362,1395,6548,11244,154
English Foxhound,hound,19819,11.5,0,795,489,2,1,large,20.35,61,Average,25-40,>50,none,none,mid-price,362,1395,4448,11456,171
Entlebucher Mountain Dog,herding,19819,13,1,1167,489,2,1,medium,20.35,47,Average,25-40,>50,no data,no data,mid-price,1000,1300,4448,11456,146
Field Spaniel,sporting,19819,9.9,0,795,489,1,2,medium,20.35,44,Above average,15-25,>70,none,none,mid-price,362,1395,3963,10355,141
Finnish Lapphund,herding,19819,7.33,1,795,489,1,1,medium,20.35,47,Average,25-40,>50,no data,no data,mid-price,362,1395,2934,7667,104
Finnish Spitz,non-sporting,19819,11.17,0,795,489,2,1,medium,20.35,45,Average,25-40,>50,none,none,mid-price,362,1395,4471,11683,167
German Pinscher,working,19819,11.42,1,1500,489,2,1,medium,20.35,47,Average,25-40,>50,no data,no data,high-end,1500,1500,4448,11945,137
German Wirehaired Pointer,sporting,19819,10,1,655,489,2,1,large,20.35,61,Average,25-40,>50,hip problems,hip dysplasia,budget,600,800,4448,10459,75
Glen of Imaal Terrier,terrier,19819,10.42,1,795,489,2,1,small,16,34,Average,25-40,>50,no data,no data,mid-price,362,1395,4448,10899,158
Great Pyrenees,working,19819,10,1,503,489,2,1,large,20.35,72,Fair,40-80,>30,hip problems,hip dysplasia,budget,225,800,4448,10459,71
Greater Swiss Mountain Dog,working,19819,6.8,1,1605,489,2,1,large,20.35,66,Average,25-40,>50,hip problems,hip dysplasia,high-end,900,2500,4448,7112,82
Harrier,hound,19819,11,0,795,489,2,1,medium,20.35,51,Average,25-40,>50,none,none,mid-price,362,1395,4448,11456,172
Havanese,toy,19819,10.25,0,830,489,2,1,small,20.35,25,Average,25-40,>50,none,none,mid-price,300,1500,4448,10721,31
Ibizan Hound,hound,19819,11,0,1500,489,2,1,large,20.35,64,Average,25-40,>50,none,none,high-end,1500,1500,4448,11456,149
Icelandic Sheepdog,herding,19819,13.5,1,795,489,2,1,medium,20.35,44,Average,25-40,>50,no data,no data,mid-price,362,1395,4448,11456,143
Irish Red and White Setter,sporting,19819,11.57,1,1000,489,2,1,large,20.35,62,Average,25-40,>50,no data,no data,mid-price,1000,1000,4448,12102,147
Irish Terrier,terrier,19819,14,0,588,489,2,1,medium,12,46,Average,25-40,>50,none,none,budget,400,850,4448,11456,132
Irish Water Spaniel,sporting,19819,9.33,1,795,489,2,1,medium,25,57,Excellent,5-15,>85,hip problems,hip dysplasia,mid-price,362,1395,5683,9759,150
Japanese Chin,toy,19819,9.25,0,513,489,2,1,small,20.35,24,Fair,40-80,>30,none,none,budget,200,800,4448,9675,78
Keeshond,non-sporting,19819,12.17,1,610,489,2,1,medium,20.35,44,Excellent,5-15,>85,hip problems,hip dysplasia,budget,350,1000,4448,12729,98
Komondor,working,19819,9.17,1,656,489,2,1,large,45,70,Average,25-40,>50,hip problems,hip dysplasia,budget,500,850,4448,9591,166
Kuvasz,working,19819,11,1,795,489,2,1,large,42,71,Average,25-40,>50,hip problems,hip dysplasia,mid-price,362,1395,4448,11456,148
Lakeland Terrier,terrier,19819,14,0,1093,489,2,1,small,8,37,Fair,40-80,>30,none,none,mid-price,575,1600,4448,11456,135
Leonberger,working,15141,6.98,1,1480,489,2,1,large,20.35,72,Average,25-40,>50,no data,no data,mid-price,700,1800,4251,7301,103
Löwchen,non-sporting,19819,10,0,795,489,2,1,small,20.35,33,Average,25-40,>50,none,none,mid-price,362,1395,4448,10459,152
Manchester Terrier,terrier,19819,9.32,0,720,489,2,1,small,8,48,Above average,15-25,>70,none,none,mid-price,140,1500,4448,9748,152
Miniature Bull Terrier,terrier,19819,6.6,0,1740,489,2,1,small,20.35,30,Average,25-40,>50,none,none,high-end,999,2800,4448,6903,119
Miniature Pinscher,toy,19819,14,0,535,489,2,1,small,20.35,29,Above average,15-25,>70,none,none,budget,300,900,4448,11456,127
Neapolitan Mastiff,working,19819,9,1,1760,489,2,1,large,59,70,Average,25-40,>50,hip problems,hip dysplasia,high-end,850,3500,4448,11456,42
Norwegian Buhund,herding,19819,12.67,1,795,489,2,1,medium,15,44,Average,25-40,>50,no data,no data,mid-price,362,1395,4448,13252,110
Norwegian Elkhound,hound,19819,13.5,1,448,489,2,1,medium,23,51,Above average,15-25,>70,hip problems,hip dysplasia,budget,350,500,4448,11456,165
Norwegian Lundehund,non-sporting,19819,13,1,795,489,2,1,small,20.35,34,Average,25-40,>50,no data,no data,mid-price,362,1395,4448,11456,96
Norwich Terrier,terrier,19819,13,0,1245,489,2,2,small,5,25,Above average,15-25,>70,none,none,mid-price,750,2000,4448,11456,170
Nova Scotia Duck Tolling Retriever,sporting,12653,6.5,1,1500,489,2,1,medium,20.35,48,Average,25-40,>50,hip problems,hip dysplasia,high-end,1500,1500,2602,6799,89
Otterhound,hound,19819,10.8,1,795,489,2,1,large,44,65,Average,25-40,>50,hip problems,hip dysplasia,mid-price,362,1395,4323,11296,169
Parson Russell Terrier,terrier,19819,14,0,528,489,2,2,small,7,34,Average,25-40,>50,none,none,budget,150,850,4448,11456,107
Petit Basset Griffon Vendeen,hound,19819,12.7,0,400,489,2,1,small,20.35,36,Fair,40-80,>30,none,none,budget,250,700,4448,13284,169
Plott,hound,19819,13,0,795,489,2,1,medium,23,57,Average,25-40,>50,none,none,mid-price,362,1395,4448,11456,97
Polish Lowland Sheepdog,herding,19819,10.8,1,795,489,2,2,medium,20.35,47,Average,25-40,>50,no data,no data,mid-price,362,1395,4323,11296,131
Portuguese Water Dog,working,19819,11.42,0,795,489,2,1,medium,22,51,Average,25-40,>50,none,none,mid-price,362,1395,4448,11945,145
Puli,herding,19819,14,0,913,489,2,1,medium,20.35,42,Above average,15-25,>70,none,none,mid-price,700,1000,4448,11456,159
Pyrenean Shepherd,herding,19819,16,1,795,489,2,1,medium,20.35,46,Average,25-40,>50,no data,no data,mid-price,362,1395,4448,11456,56
Redbone Coonhound,hound,19819,11.5,0,425,489,2,1,large,20.35,61,Average,25-40,>50,none,none,budget,300,700,4448,11456,156
Schipperke,non-sporting,19819,13,4,658,489,2,1,small,20.35,29,Excellent,5-15,>85,"hair loss, diabetes, skin problems","colour dilution alopecia, Diabetes mellitus, Follicular dysplasias, Pemphigus",budget,300,975,4448,13597,162
Scottish Deerhound,hound,19819,8.7,2,795,489,2,1,large,42,48,Average,25-40,>50,"heart problems, fatal stomach bloat","Dilated cardiomyopathy, Gastric dilatation-volvulus",mid-price,362,1395,4448,9100,126
Sealyham Terrier,terrier,19819,12.25,1,795,489,2,1,small,11,27,Fair,40-80,>30,eye problems,Retinal dysplasia,mid-price,362,1395,4448,12813,105
Shiba Inu,non-sporting,19819,7,1,890,489,2,1,small,9,38,Average,25-40,>50,hip problems,hip dysplasia,mid-price,650,1400,4448,7322,142
Silky Terrier,toy,19819,14.25,0,448,489,2,1,small,5,24,Above average,15-25,>70,none,none,budget,250,500,4448,14905,163
Skye Terrier,terrier,19819,11,0,550,489,2,1,small,18,25,Fair,40-80,>30,none,none,budget,500,600,4448,11505,53
Smooth Fox Terrier,terrier,19819,13.17,0,575,489,2,1,small,8,38,Average,25-40,>50,none,none,budget,450,750,4448,13775,85
Soft-Coated Wheaten Terrier,terrier,19819,12.16,0,832,489,2,1,medium,16,46,Average,25-40,>50,none,none,mid-price,675,1000,4448,12719,164
Spinone Italiano,sporting,19819,9,1,1725,489,2,1,large,20.35,62,Average,25-40,>50,no data,no data,high-end,1100,2000,4448,9414,113
Standard Schnauzer,working,19819,14.5,1,855,489,2,1,medium,20.35,47,Excellent,5-15,>85,hip problems,hip dysplasia,mid-price,50,1500,4448,11456,52
Sussex Spaniel,sporting,19819,11.17,0,795,489,2,3,small,18,36,Average,25-40,>50,none,none,mid-price,362,1395,4471,11683,123
Swedish Vallhund,herding,22839,14.17,1,772,489,2,1,small,20.35,32,Average,25-40,>50,no data,no data,mid-price,550,1000,3946,14821,91
Tibetan Mastiff,working,23747,11.92,1,3460,489,2,1,large,20.35,64,Average,25-40,>50,no data,no data,high-end,800,6500,4771,12468,161
Toy Fox Terrier,toy,19819,13.5,1,460,489,2,1,small,20.35,25,Average,25-40,>50,no data,no data,budget,200,650,4448,11456,153
Vizsla,sporting,19819,12.5,0,935,489,2,1,medium,20.35,57,Excellent,5-15,>85,none,none,mid-price,800,1200,4448,13074,122
Weimaraner,sporting,19819,12.5,1,562,489,2,1,large,20.35,64,Excellent,5-15,>85,hip problems,hip dysplasia,budget,300,900,4448,11456,101
Welsh Terrier,terrier,19819,13.5,0,843,489,2,1,small,9,38,Average,25-40,>50,none,none,mid-price,575,1250,4448,11456,37
Wire Fox Terrier,terrier,19819,13.17,0,668,489,2,1,small,8,38,Average,25-40,>50,none,none,budget,175,1600,4448,13775,32
Wirehaired Pointing Griffon,sporting,19819,8.8,0,755,489,2,1,medium,20.35,56,Average,25-40,>50,none,none,mid-price,750,800,4448,9204,99
Xoloitzcuintli,non-sporting,19819,13.5,1,717,489,2,1,medium,20.35,42,Average,25-40,>50,no data,no data,mid-price,300,2000,4448,11456,100